Eup (K)	Ln(Nu/gu)	err(Ln(Nu/gu))
342.8281296678596	30.118375991940425	0.10181962423209655
157.47197088521145	39.96961061443314	0.10181962423209655
